,inactivity,anomaly
0,897.0,0
1,3887.0,0
2,9269.0,0
3,23023.0,0
4,46943.0,0
5,897.0,0
6,8372.0,0
7,4186.0,0
8,5382.0,0
9,60697.0,0
10,4485.0,0
11,11063.0,0
12,72956.0,0
13,897.0,0
14,5681.0,0
15,6279.0,0
16,75946.0,0
17,1495.0,0
18,10764.0,0
19,15847.0,0
20,17043.0,0
21,40365.0,0
22,44551.0,0
23,32292.0,0
24,1495.0,0
25,2392.0,0
26,1196.0,0
27,34684.0,0
28,43953.0,0
29,5083.0,0
30,1495.0,0
31,1196.0,0
32,1794.0,0
33,8671.0,0
34,27508.0,0
35,1196.0,0
36,35880.0,0
37,2093.0,0
38,3887.0,0
39,5980.0,0
40,5083.0,0
41,1794.0,0
42,20930.0,0
43,12857.0,0
44,31694.0,0
45,1794.0,0
46,11960.0,0
47,3289.0,0
48,63986.0,0
49,4186.0,0
50,4485.0,0
51,12558.0,0
52,67275.0,0
53,1794.0,0
54,1196.0,0
55,41262.0,0
56,47242.0,0
57,77740.0,0
58,2093.0,0
59,2990.0,0
60,12259.0,0
61,17342.0,0
62,34983.0,0
63,19435.0,0
64,2691.0,0
65,77441.0,0
66,1495.0,0
67,2691.0,0
68,77740.0,0
69,7176.0,0
70,11661.0,0
71,17940.0,0
72,49335.0,0
73,3588.0,0
74,84916.0,0
75,1196.0,0
76,6578.0,0
77,161460.0,0
78,1495.0,0
79,9568.0,0
80,6877.0,0
81,66079.0,0
82,11362.0,0
83,9568.0,0
84,22425.0,0
85,12558.0,0
86,27209.0,0
87,1196.0,0
88,4784.0,0
89,598.0,0
90,14352.0,0
91,10465.0,0
92,10764.0,0
93,43355.0,0
94,897.0,0
95,5083.0,0
96,9568.0,0
97,24219.0,0
98,3887.0,0
99,38870.0,0
100,2093.0,0
101,3588.0,0
102,2691.0,0
103,76544.0,0
104,2093.0,0
105,2093.0,0
106,1196.0,0
107,83421.0,0
108,78039.0,0
109,2392.0,0
110,3289.0,0
111,46943.0,0
112,33787.0,0
113,2990.0,0
114,2392.0,0
115,76544.0,0
116,11960.0,0
117,5382.0,0
118,2093.0,0
119,29601.0,0
120,37076.0,0
121,2392.0,0
122,78039.0,0
123,11661.0,0
124,80431.0,0
125,4485.0,0
126,897.0,0
127,9867.0,0
128,74451.0,0
129,76544.0,0
130,4186.0,0
131,4485.0,0
132,35880.0,0
133,44252.0,0
134,5980.0,0
135,4784.0,0
136,17043.0,0
137,55016.0,0
138,897.0,0
139,7475.0,0
140,74152.0,0
141,9568.0,0
142,79534.0,0
143,4784.0,0
144,79833.0,0
145,13156.0,0
146,20332.0,0
147,134849.0,0
148,84617.0,0
149,3289.0,0
150,2691.0,0
151,43056.0,0
152,40963.0,0
153,897.0,0
154,3289.0,0
155,2691.0,0
156,4186.0,0
157,1495.0,0
158,15847.0,0
159,54717.0,0
160,10166.0,0
161,1196.0,0
162,1794.0,0
163,3588.0,0
164,65182.0,0
165,897.0,0
166,4784.0,0
167,9867.0,0
168,30498.0,0
169,37973.0,0
170,1196.0,0
171,2392.0,0
172,6578.0,0
173,23920.0,0
174,14950.0,0
175,40664.0,0
176,30498.0,0
177,10764.0,0
178,38272.0,0
179,1196.0,0
180,897.0,0
181,598.0,0
182,1794.0,0
183,9867.0,0
184,10465.0,0
185,13754.0,0
186,5980.0,0
187,38870.0,0
188,2093.0,0
189,1495.0,0
190,11960.0,0
191,13455.0,0
192,17043.0,0
193,29003.0,0
194,871585.0,1
195,1196.0,0
196,3289.0,0
197,1794.0,0
198,18837.0,0
199,2691.0,0
200,55614.0,0
201,81328.0,0
202,2093.0,0
203,2990.0,0
204,10465.0,0
205,67873.0,0
206,2392.0,0
207,6578.0,0
208,35581.0,0
209,5980.0,0
210,34684.0,0
211,897.0,0
212,1196.0,0
213,11960.0,0
214,5980.0,0
215,27807.0,0
216,35880.0,0
217,6279.0,0
218,3289.0,0
219,1794.0,0
220,2691.0,0
221,18538.0,0
222,2691.0,0
223,1196.0,0
224,13455.0,0
225,32292.0,0
226,2093.0,0
227,46046.0,0
228,36179.0,0
229,1794.0,0
230,37076.0,0
231,48139.0,0
232,81627.0,0
233,897.0,0
234,84617.0,0
235,13455.0,0
236,16744.0,0
237,16445.0,0
238,37076.0,0
239,6877.0,0
240,2691.0,0
241,4485.0,0
242,2691.0,0
243,8073.0,0
244,22425.0,0
245,32890.0,0
246,2691.0,0
247,11960.0,0
248,19136.0,0
249,15847.0,0
250,34983.0,0
251,598.0,0
252,2691.0,0
253,45149.0,0
254,34684.0,0
255,2093.0,0
256,1794.0,0
257,39468.0,0
258,47242.0,0
259,27807.0,0
260,7176.0,0
261,43953.0,0
262,3289.0,0
263,12259.0,0
264,21827.0,0
265,1495.0,0
266,5083.0,0
267,38272.0,0
268,897.0,0
269,6578.0,0
270,9867.0,0
271,32890.0,0
272,37375.0,0
273,10764.0,0
274,3887.0,0
275,16146.0,0
276,6578.0,0
277,12558.0,0
278,32292.0,0
279,11362.0,0
280,2392.0,0
281,16744.0,0
282,19435.0,0
283,31694.0,0
284,16146.0,0
285,1794.0,0
286,28106.0,0
287,39169.0,0
288,1196.0,0
289,95381.0,0
290,20033.0,0
291,5681.0,0
292,46943.0,0
293,5681.0,0
294,6578.0,0
295,7475.0,0
296,23920.0,0
297,2093.0,0
298,36478.0,0
299,897.0,0
300,14950.0,0
301,22724.0,0
302,10166.0,0
303,34684.0,0
304,1495.0,0
305,598.0,0
306,3588.0,0
307,11960.0,0
308,30199.0,0
309,36777.0,0
310,1196.0,0
311,10166.0,0
312,1794.0,0
313,8970.0,0
314,15847.0,0
315,2691.0,0
316,2093.0,0
317,1495.0,0
318,8372.0,0
319,27807.0,0
320,14352.0,0
321,598.0,0
322,27508.0,0
323,5083.0,0
324,5083.0,0
325,31694.0,0
326,2093.0,0
327,3289.0,0
328,5083.0,0
329,14352.0,0
330,10764.0,0
331,9867.0,0
332,58604.0,0
333,14651.0,0
334,2392.0,0
335,11362.0,0
336,2990.0,0
337,30498.0,0
338,897.0,0
339,12259.0,0
340,5980.0,0
341,10764.0,0
342,10764.0,0
343,2990.0,0
344,8671.0,0
345,28405.0,0
346,1196.0,0
347,13455.0,0
348,31395.0,0
349,2990.0,0
350,2691.0,0
351,33488.0,0
352,7475.0,0
353,3289.0,0
354,11362.0,0
355,9269.0,0
356,18538.0,0
357,29601.0,0
358,897.0,0
359,14651.0,0
360,1196.0,0
361,17342.0,0
362,17043.0,0
363,32591.0,0
364,15548.0,0
365,6578.0,0
366,20033.0,0
367,13455.0,0
368,29601.0,0
369,1794.0,0
370,2093.0,0
371,3887.0,0
372,7774.0,0
373,21528.0,0
374,8671.0,0
375,35880.0,0
376,34385.0,0
377,4186.0,0
378,46046.0,0
379,3887.0,0
380,23023.0,0
381,55315.0,0
382,86411.0,0
383,50531.0,0
384,34385.0,0
385,86710.0,0
386,46943.0,0
387,38571.0,0
388,1794.0,0
389,7176.0,0
390,3887.0,0
391,16445.0,0
392,10166.0,0
393,12558.0,0
394,34385.0,0
395,30199.0,0
396,14352.0,0
397,38571.0,0
398,49634.0,0
399,34086.0,0
400,1495.0,0
401,34983.0,0
402,2691.0,0
403,15847.0,0
404,30199.0,0
405,9867.0,0
406,14950.0,0
407,17043.0,0
408,4784.0,0
409,6877.0,0
410,29003.0,0
411,897.0,0
412,34684.0,0
413,13455.0,0
414,5382.0,0
415,29601.0,0
416,4186.0,0
417,35282.0,0
418,13156.0,0
419,36179.0,0
420,1495.0,0
421,6279.0,0
422,897.0,0
423,17940.0,0
424,6578.0,0
425,8671.0,0
426,5382.0,0
427,41561.0,0
428,35282.0,0
429,7475.0,0
430,30498.0,0
431,2093.0,0
432,7475.0,0
433,21827.0,0
434,8073.0,0
435,1196.0,0
436,8073.0,0
437,31694.0,0
438,5083.0,0
439,9867.0,0
440,34684.0,0
441,3588.0,0
442,31096.0,0
443,15548.0,0
444,1196.0,0
445,22724.0,0
446,11362.0,0
447,32292.0,0
448,1495.0,0
449,17641.0,0
450,26312.0,0
451,5083.0,0
452,32292.0,0
453,897.0,0
454,15847.0,0
455,3289.0,0
456,4485.0,0
457,60099.0,0
458,3289.0,0
459,7176.0,0
460,6279.0,0
461,5681.0,0
462,7774.0,0
463,67275.0,0
464,5083.0,0
465,17342.0,0
466,9269.0,0
467,38870.0,0
468,897.0,0
469,4784.0,0
470,7176.0,0
471,26611.0,0
472,6279.0,0
473,4485.0,0
474,30498.0,0
475,1794.0,0
476,14950.0,0
477,38571.0,0
478,34086.0,0
479,1196.0,0
480,8970.0,0
481,2093.0,0
482,18538.0,0
483,2093.0,0
484,8372.0,0
485,3588.0,0
486,2093.0,0
487,31096.0,0
488,897.0,0
489,14950.0,0
490,1794.0,0
491,9867.0,0
492,12558.0,0
493,7774.0,0
494,5083.0,0
495,30199.0,0
496,598.0,0
497,12558.0,0
498,2392.0,0
499,36777.0,0
500,3887.0,0
501,26013.0,0
502,1794.0,0
503,19136.0,0
504,11362.0,0
505,6877.0,0
506,14053.0,0
507,45149.0,0
508,897.0,0
509,30199.0,0
510,5382.0,0
511,34983.0,0
512,2392.0,0
513,5083.0,0
514,3887.0,0
515,1196.0,0
516,15249.0,0
517,16445.0,0
518,4485.0,0
519,35282.0,0
520,4186.0,0
521,37674.0,0
522,6279.0,0
523,31395.0,0
524,2392.0,0
525,50531.0,0
526,35581.0,0
527,6578.0,0
528,598.0,0
529,12558.0,0
530,4784.0,0
531,22425.0,0
532,30498.0,0
533,1495.0,0
534,2990.0,0
535,2392.0,0
536,28106.0,0
537,7176.0,0
538,5382.0,0
539,40066.0,0
540,9867.0,0
541,2691.0,0
542,37674.0,0
543,49634.0,0
544,897.0,0
545,20033.0,0
546,1794.0,0
547,5980.0,0
548,2990.0,0
549,33189.0,0
550,1495.0,0
551,37375.0,0
552,6578.0,0
553,8073.0,0
554,30199.0,0
555,598.0,0
556,1196.0,0
557,12857.0,0
558,32292.0,0
559,6578.0,0
560,30498.0,0
561,18837.0,0
562,27209.0,0
563,5980.0,0
564,31096.0,0
565,897.0,0
566,11960.0,0
567,5980.0,0
568,29003.0,0
569,2990.0,0
570,33787.0,0
571,3289.0,0
572,4186.0,0
573,7475.0,0
574,13455.0,0
575,6279.0,0
576,9867.0,0
577,1495.0,0
578,4186.0,0
579,31694.0,0
580,9867.0,0
581,3289.0,0
582,3887.0,0
583,2691.0,0
584,3289.0,0
585,26312.0,0
586,47840.0,0
587,37375.0,0
588,29601.0,0
589,1495.0,0
590,6279.0,0
591,8970.0,0
592,23023.0,0
593,6578.0,0
594,8970.0,0
595,29601.0,0
596,6578.0,0
597,8970.0,0
598,40066.0,0
599,29003.0,0
600,13754.0,0
601,2990.0,0
602,37076.0,0
603,28704.0,0
604,897.0,0
605,23322.0,0
606,29900.0,0
607,29601.0,0
608,1196.0,0
609,6578.0,0
610,38272.0,0
611,8372.0,0
612,32890.0,0
613,2691.0,0
614,8073.0,0
615,36179.0,0
616,1196.0,0
617,36777.0,0
618,27209.0,0
619,8372.0,0
620,7774.0,0
621,6877.0,0
622,31993.0,0
623,1495.0,0
624,10465.0,0
625,16445.0,0
626,3887.0,0
627,15847.0,0
628,29900.0,0
629,897.0,0
630,14053.0,0
631,37674.0,0
632,34684.0,0
633,7475.0,0
634,4186.0,0
635,11063.0,0
636,5980.0,0
637,20930.0,0
638,29601.0,0
639,5083.0,0
640,9568.0,0
641,15548.0,0
642,2093.0,0
643,4784.0,0
644,9568.0,0
645,2990.0,0
646,34086.0,0
647,2093.0,0
648,50531.0,0
649,26910.0,0
650,20332.0,0
651,3887.0,0
652,31395.0,0
653,49933.0,0
654,11661.0,0
655,23322.0,0
656,30199.0,0
657,1495.0,0
658,4186.0,0
659,49335.0,0
660,27508.0,0
661,6877.0,0
662,9568.0,0
663,23621.0,0
664,897.0,0
665,5382.0,0
666,7475.0,0
667,29302.0,0
668,1794.0,0
669,4784.0,0
670,11362.0,0
671,21528.0,0
672,14950.0,0
673,27807.0,0
674,19136.0,0
675,897.0,0
676,6279.0,0
677,24219.0,0
678,2392.0,0
679,32591.0,0
680,3887.0,0
681,8970.0,0
682,8671.0,0
683,8073.0,0
684,4784.0,0
685,3289.0,0
686,9568.0,0
687,31096.0,0
688,2093.0,0
689,3887.0,0
690,7176.0,0
691,24219.0,0
692,15847.0,0
693,1495.0,0
694,35282.0,0
695,21528.0,0
696,24817.0,0
697,31096.0,0
698,5382.0,0
699,23621.0,0
700,24817.0,0
701,30199.0,0
702,6578.0,0
703,10166.0,0
704,8970.0,0
705,18837.0,0
706,6877.0,0
707,2093.0,0
708,28704.0,0
709,20930.0,0
710,897.0,0
711,34983.0,0
712,25415.0,0
713,1196.0,0
714,15548.0,0
715,3588.0,0
716,15249.0,0
717,5681.0,0
718,4485.0,0
719,9269.0,0
720,27807.0,0
721,3588.0,0
722,3289.0,0
723,7176.0,0
724,2093.0,0
725,7475.0,0
726,9867.0,0
727,897.0,0
728,4485.0,0
729,13455.0,0
730,30797.0,0
731,4485.0,0
732,7475.0,0
733,39169.0,0
734,47840.0,0
735,17641.0,0
736,20033.0,0
737,28405.0,0
738,2691.0,0
739,6578.0,0
740,30199.0,0
741,15249.0,0
742,29302.0,0
743,9568.0,0
744,36478.0,0
745,6279.0,0
746,30498.0,0
747,24219.0,0
748,2990.0,0
749,7774.0,0
750,8970.0,0
751,11063.0,0
752,27508.0,0
753,1196.0,0
754,21528.0,0
755,32591.0,0
756,28106.0,0
757,7176.0,0
758,8671.0,0
759,8671.0,0
760,8970.0,0
761,13156.0,0
762,6578.0,0
763,28704.0,0
764,20033.0,0
765,6578.0,0
766,20930.0,0
767,6578.0,0
768,30199.0,0
769,15249.0,0
770,33189.0,0
771,2990.0,0
772,31395.0,0
773,1794.0,0
774,5083.0,0
775,7774.0,0
776,20033.0,0
777,8073.0,0
778,11063.0,0
779,23920.0,0
780,5083.0,0
781,7176.0,0
782,21528.0,0
783,6877.0,0
784,8970.0,0
785,6578.0,0
786,2392.0,0
787,19734.0,0
788,6877.0,0
789,3588.0,0
790,12259.0,0
791,5980.0,0
792,25415.0,0
793,8372.0,0
794,26013.0,0
795,3289.0,0
796,5681.0,0
797,7774.0,0
798,15847.0,0
799,15847.0,0
800,6877.0,0
801,23023.0,0
802,6578.0,0
803,15249.0,0
804,4186.0,0
805,36179.0,0
806,20631.0,0
807,1794.0,0
808,1516827.0,1
809,4485.0,0
810,33488.0,0
811,41262.0,0
812,11661.0,0
813,30199.0,0
814,1495.0,0
815,14053.0,0
816,16445.0,0
817,12558.0,0
818,8671.0,0
819,29601.0,0
820,3887.0,0
821,11063.0,0
822,37973.0,0
823,29302.0,0
824,4485.0,0
825,1794.0,0
826,28704.0,0
827,1196.0,0
828,12558.0,0
829,5681.0,0
830,45448.0,0
831,13754.0,0
832,11661.0,0
833,12259.0,0
834,29302.0,0
835,5083.0,0
836,2093.0,0
837,8372.0,0
838,20332.0,0
839,15548.0,0
840,3588.0,0
841,29302.0,0
842,6279.0,0
843,9867.0,0
844,40365.0,0
845,26013.0,0
846,2093.0,0
847,20033.0,0
848,25714.0,0
849,9568.0,0
850,25714.0,0
851,22724.0,0
852,12558.0,0
853,5980.0,0
854,13455.0,0
855,28106.0,0
856,1196.0,0
857,17641.0,0
858,6279.0,0
859,13754.0,0
860,17641.0,0
861,29003.0,0
862,7475.0,0
863,3289.0,0
864,5980.0,0
865,14352.0,0
866,2392.0,0
867,18239.0,0
868,40664.0,0
869,38870.0,0
870,5681.0,0
871,28704.0,0
872,3887.0,0
873,3289.0,0
874,15249.0,0
875,14053.0,0
876,20930.0,0
877,23920.0,0
878,2093.0,0
879,4485.0,0
880,36179.0,0
881,5681.0,0
882,8671.0,0
883,26611.0,0
884,2392.0,0
885,14352.0,0
886,17641.0,0
887,23920.0,0
888,25116.0,0
889,2691.0,0
890,22425.0,0
891,34086.0,0
892,30498.0,0
893,1495.0,0
894,4485.0,0
895,7176.0,0
896,20930.0,0
897,897.0,0
898,14651.0,0
899,34684.0,0
900,9568.0,0
901,38870.0,0
902,2691.0,0
903,28106.0,0
904,7475.0,0
905,28106.0,0
906,5382.0,0
907,8372.0,0
908,5980.0,0
909,29601.0,0
910,4186.0,0
911,3588.0,0
912,5382.0,0
913,2691.0,0
914,3588.0,0
915,14950.0,0
916,897.0,0
917,14651.0,0
918,2691.0,0
919,30199.0,0
920,897.0,0
921,1495.0,0
922,17043.0,0
923,11063.0,0
924,1495.0,0
925,5681.0,0
926,5980.0,0
927,7176.0,0
928,26611.0,0
929,1196.0,0
930,20332.0,0
931,7475.0,0
932,29900.0,0
933,22126.0,0
934,4485.0,0
935,15249.0,0
936,897.0,0
937,2392.0,0
938,2691.0,0
939,11063.0,0
940,20332.0,0
941,28106.0,0
942,2691.0,0
943,45149.0,0
944,6279.0,0
945,25415.0,0
946,5980.0,0
947,5980.0,0
948,9867.0,0
949,598.0,0
950,16744.0,0
951,20930.0,0
952,39468.0,0
953,2093.0,0
954,23023.0,0
955,8970.0,0
956,9269.0,0
957,28704.0,0
958,897.0,0
959,7176.0,0
960,6279.0,0
961,38870.0,0
962,25415.0,0
963,2990.0,0
964,7475.0,0
965,10764.0,0
966,41561.0,0
967,21827.0,0
968,4784.0,0
969,2093.0,0
970,2392.0,0
971,1794.0,0
972,28405.0,0
973,2392.0,0
974,8372.0,0
975,5083.0,0
976,28405.0,0
977,1196.0,0
978,16445.0,0
979,5681.0,0
980,6578.0,0
981,3887.0,0
982,6578.0,0
983,13754.0,0
984,24219.0,0
985,8970.0,0
986,2691.0,0
987,8671.0,0
988,20033.0,0
989,13754.0,0
990,2990.0,0
991,29601.0,0
992,1794.0,0
993,4485.0,0
994,12857.0,0
995,13455.0,0
996,897.0,0
997,8073.0,0
998,7774.0,0
999,3887.0,0
1000,46046.0,0
1001,18239.0,0
1002,20033.0,0
1003,24518.0,0
1004,7774.0,0
1005,3289.0,0
1006,5681.0,0
1007,20332.0,0
1008,1794.0,0
1009,17043.0,0
1010,30498.0,0
1011,7176.0,0
1012,8073.0,0
1013,26013.0,0
1014,7475.0,0
1015,5382.0,0
1016,23920.0,0
1017,8372.0,0
1018,6279.0,0
1019,3289.0,0
1020,2392.0,0
1021,6279.0,0
1022,30797.0,0
1023,23322.0,0
1024,7176.0,0
1025,5083.0,0
1026,5681.0,0
1027,4784.0,0
1028,5382.0,0
1029,11362.0,0
1030,15847.0,0
1031,3887.0,0
1032,29302.0,0
1033,6877.0,0
1034,49634.0,0
1035,27807.0,0
1036,897.0,0
1037,5980.0,0
1038,9269.0,0
1039,897.0,0
1040,2691.0,0
1041,9568.0,0
1042,23920.0,0
1043,37973.0,0
1044,15847.0,0
1045,6279.0,0
1046,5382.0,0
1047,10166.0,0
1048,7176.0,0
1049,24817.0,0
1050,8073.0,0
1051,4784.0,0
1052,13754.0,0
1053,8671.0,0
1054,5681.0,0
1055,9269.0,0
1056,6279.0,0
1057,21528.0,0
1058,8970.0,0
1059,1495.0,0
1060,46943.0,0
1061,30797.0,0
1062,3588.0,0
1063,5980.0,0
1064,6578.0,0
1065,17940.0,0
1066,23621.0,0
1067,31096.0,0
1068,3887.0,0
1069,15249.0,0
1070,8970.0,0
1071,3588.0,0
1072,20033.0,0
1073,31395.0,0
1074,5382.0,0
1075,10465.0,0
1076,11960.0,0
1077,10764.0,0
1078,12558.0,0
1079,34086.0,0
1080,5083.0,0
1081,44850.0,0
1082,36179.0,0
1083,13455.0,0
1084,4186.0,0
1085,5980.0,0
1086,11661.0,0
1087,13754.0,0
1088,29601.0,0
1089,5083.0,0
1090,50830.0,0
1091,28106.0,0
1092,8073.0,0
1093,43654.0,0
1094,34684.0,0
1095,20033.0,0
1096,34086.0,0
1097,27807.0,0
1098,19734.0,0
1099,16146.0,0
1100,8073.0,0
1101,5980.0,0
1102,6877.0,0
1103,27807.0,0
1104,3289.0,0
1105,2990.0,0
1106,18239.0,0
1107,27807.0,0
1108,34385.0,0
1109,3588.0,0
1110,9269.0,0
1111,36179.0,0
1112,1196.0,0
1113,49634.0,0
1114,11661.0,0
1115,23023.0,0
1116,30199.0,0
1117,5083.0,0
1118,29003.0,0
1119,4485.0,0
1120,14950.0,0
1121,29003.0,0
1122,3588.0,0
1123,2093.0,0
1124,2691.0,0
1125,19136.0,0
1126,10764.0,0
1127,15249.0,0
1128,29302.0,0
1129,16445.0,0
1130,13754.0,0
1131,2392.0,0
1132,21229.0,0
1133,26910.0,0
1134,1495.0,0
1135,18239.0,0
1136,1794.0,0
1137,3588.0,0
1138,5681.0,0
1139,3588.0,0
1140,16146.0,0
1141,6279.0,0
1142,26611.0,0
1143,1794.0,0
1144,5382.0,0
1145,25116.0,0
1146,1196.0,0
1147,9568.0,0
1148,11661.0,0
1149,25714.0,0
1150,897.0,0
1151,5083.0,0
1152,1794.0,0
1153,9568.0,0
1154,11960.0,0
1155,6279.0,0
1156,19435.0,0
1157,25714.0,0
1158,9867.0,0
1159,23920.0,0
1160,1196.0,0
1161,6578.0,0
1162,16146.0,0
1163,29900.0,0
1164,3289.0,0
1165,1196.0,0
1166,7774.0,0
1167,15847.0,0
1168,3289.0,0
1169,15847.0,0
1170,3588.0,0
1171,27209.0,0
1172,1196.0,0
1173,8671.0,0
1174,5980.0,0
1175,23920.0,0
1176,12857.0,0
1177,30199.0,0
1178,2093.0,0
1179,14950.0,0
1180,2392.0,0
1181,6578.0,0
1182,30797.0,0
1183,27209.0,0
1184,1196.0,0
1185,18837.0,0
1186,34086.0,0
1187,30199.0,0
1188,1196.0,0
1189,17641.0,0
1190,897.0,0
1191,22724.0,0
1192,7176.0,0
1193,4186.0,0
1194,1495.0,0
1195,26611.0,0
1196,4186.0,0
1197,2990.0,0
1198,19435.0,0
1199,10465.0,0
1200,20631.0,0
1201,30498.0,0
1202,13754.0,0
1203,9867.0,0
1204,7176.0,0
1205,5980.0,0
1206,11362.0,0
1207,1196.0,0
1208,29302.0,0
1209,1495.0,0
1210,6279.0,0
1211,10166.0,0
1212,15548.0,0
1213,10166.0,0
1214,598.0,0
1215,10465.0,0
1216,27508.0,0
1217,1495.0,0
1218,10166.0,0
1219,31694.0,0
1220,5083.0,0
1221,4485.0,0
1222,30199.0,0
1223,5681.0,0
1224,9867.0,0
1225,9568.0,0
1226,12857.0,0
1227,10166.0,0
1228,2392.0,0
1229,897.0,0
1230,29302.0,0
1231,1794.0,0
1232,17043.0,0
1233,6578.0,0
1234,11362.0,0
1235,14352.0,0
1236,4485.0,0
1237,28704.0,0
1238,1794.0,0
1239,11960.0,0
1240,897.0,0
1241,5083.0,0
1242,25714.0,0
1243,7475.0,0
1244,29601.0,0
1245,2691.0,0
1246,2691.0,0
1247,1196.0,0
1248,7475.0,0
1249,1794.0,0
1250,20033.0,0
1251,3289.0,0
1252,9269.0,0
1253,2691.0,0
1254,36478.0,0
1255,3887.0,0
1256,15249.0,0
1257,3289.0,0
1258,6279.0,0
1259,19136.0,0
1260,25415.0,0
1261,4485.0,0
1262,6279.0,0
1263,27807.0,0
1264,5382.0,0
1265,11661.0,0
1266,29302.0,0
1267,1495.0,0
1268,5382.0,0
1269,23621.0,0
1270,11960.0,0
1271,2093.0,0
1272,7475.0,0
1273,29601.0,0
1274,2392.0,0
1275,8671.0,0
1276,31395.0,0
1277,7176.0,0
1278,5382.0,0
1279,24817.0,0
1280,4784.0,0
1281,20033.0,0
1282,2691.0,0
1283,11063.0,0
1284,11661.0,0
1285,8372.0,0
1286,27209.0,0
1287,2093.0,0
1288,7774.0,0
1289,4784.0,0
1290,14651.0,0
1291,11362.0,0
1292,10764.0,0
1293,5681.0,0
1294,23621.0,0
1295,6877.0,0
1296,5980.0,0
1297,13156.0,0
1298,10764.0,0
1299,897.0,0
1300,18837.0,0
1301,49933.0,0
1302,11661.0,0
1303,19136.0,0
1304,26013.0,0
1305,7774.0,0
1306,5681.0,0
1307,17641.0,0
1308,6279.0,0
1309,9867.0,0
1310,10764.0,0
1311,23920.0,0
1312,4784.0,0
1313,4485.0,0
1314,47541.0,0
1315,1196.0,0
1316,28106.0,0
1317,1196.0,0
1318,6877.0,0
1319,22425.0,0
1320,7475.0,0
1321,598.0,0
1322,12259.0,0
1323,3289.0,0
1324,2392.0,0
1325,25415.0,0
1326,1794.0,0
1327,20332.0,0
1328,13156.0,0
1329,2990.0,0
1330,18538.0,0
1331,25415.0,0
1332,3588.0,0
1333,5382.0,0
1334,31096.0,0
1335,897.0,0
1336,3588.0,0
1337,8372.0,0
1338,4784.0,0
1339,23621.0,0
1340,2691.0,0
1341,14950.0,0
1342,35880.0,0
1343,52325.0,0
1344,2691.0,0
1345,1495.0,0
1346,13156.0,0
1347,18538.0,0
1348,24817.0,0
1349,7176.0,0
1350,1196.0,0
1351,22724.0,0
1352,20930.0,0
1353,4485.0,0
1354,31395.0,0
1355,4186.0,0
1356,7774.0,0
1357,7774.0,0
1358,19435.0,0
1359,8671.0,0
1360,30797.0,0
1361,4485.0,0
1362,4186.0,0
1363,22724.0,0
1364,23023.0,0
1365,30199.0,0
1366,3588.0,0
1367,9568.0,0
1368,1794.0,0
1369,19734.0,0
1370,2990.0,0
1371,3289.0,0
1372,13156.0,0
1373,30797.0,0
1374,5681.0,0
1375,8671.0,0
1376,17342.0,0
1377,13156.0,0
1378,2990.0,0
1379,3588.0,0
1380,31096.0,0
1381,10465.0,0
1382,8970.0,0
1383,8073.0,0
1384,3289.0,0
1385,20033.0,0
1386,46644.0,0
1387,894010.0,1
1388,33488.0,0
1389,598.0,0
1390,17043.0,0
1391,26910.0,0
1392,42159.0,0
1393,598.0,0
1394,6877.0,0
1395,1196.0,0
1396,43355.0,0
1397,31395.0,0
1398,1196.0,0
1399,1196.0,0
1400,49335.0,0
1401,36777.0,0
1402,45149.0,0
1403,35282.0,0
1404,10465.0,0
1405,6279.0,0
1406,21229.0,0
1407,11063.0,0
1408,33189.0,0
1409,9568.0,0
1410,8073.0,0
1411,5681.0,0
1412,17342.0,0
1413,8671.0,0
1414,2990.0,0
1415,29302.0,0
1416,11063.0,0
1417,5083.0,0
1418,10166.0,0
1419,22425.0,0
1420,3289.0,0
1421,26910.0,0
1422,1495.0,0
1423,1196.0,0
1424,2093.0,0
1425,3887.0,0
1426,5083.0,0
1427,3588.0,0
1428,21229.0,0
1429,17641.0,0
1430,27807.0,0
1431,1495.0,0
1432,8372.0,0
1433,6877.0,0
1434,20631.0,0
1435,16146.0,0
1436,31694.0,0
1437,1495.0,0
1438,2392.0,0
1439,31395.0,0
1440,1196.0,0
1441,10465.0,0
1442,47541.0,0
1443,22126.0,0
1444,19136.0,0
1445,1794.0,0
1446,29302.0,0
1447,598.0,0
1448,5681.0,0
1449,6578.0,0
1450,1196.0,0
1451,2392.0,0
1452,12259.0,0
1453,1495.0,0
1454,19734.0,0
1455,30797.0,0
1456,13754.0,0
1457,26910.0,0
1458,10166.0,0
1459,3887.0,0
1460,28704.0,0
1461,2093.0,0
1462,11063.0,0
1463,2392.0,0
1464,17342.0,0
1465,20631.0,0
1466,29601.0,0
1467,1495.0,0
1468,14950.0,0
1469,10166.0,0
1470,14053.0,0
1471,12857.0,0
1472,29601.0,0
1473,1794.0,0
1474,18837.0,0
1475,34983.0,0
1476,20033.0,0
1477,11661.0,0
1478,11661.0,0
1479,2691.0,0
1480,12558.0,0
1481,66976.0,0
1482,23023.0,0
1483,13754.0,0
1484,35880.0,0
1485,13754.0,0
1486,70863.0,0
1487,598.0,0
1488,3289.0,0
1489,5980.0,0
1490,4784.0,0
1491,67275.0,0
1492,88803.0,0
1493,174915.0,0
1494,7774.0,0
1495,22126.0,0
1496,136643.0,0
1497,44252.0,0
1498,40365.0,0
1499,89700.0,0
1500,85813.0,0
1501,84318.0,0
1502,83421.0,0
1503,7774.0,0
1504,10166.0,0
1505,88205.0,0
1506,26013.0,0
1507,36179.0,0
1508,91494.0,0
1509,84019.0,0
1510,86112.0,0
1511,89700.0,0
1512,37674.0,0
1513,46644.0,0
1514,91793.0,0
1515,81627.0,0
1516,83720.0,0
1517,23023.0,0
1518,13156.0,0
1519,10764.0,0
1520,40066.0,0
1521,10764.0,0
1522,17940.0,0
1523,15249.0,0
1524,37674.0,0
1525,13754.0,0
1526,16445.0,0
1527,27807.0,0
